Q184485|performing arts
Q30168244|human hybrids in a work of fiction
Q2369882|funny animal
Q904092|homopolysaccharide
Q4373292|physical property
Q3689421|destination marketing organisation
Q112865|administrative territorial entity of Mexico
Q273976|blockade
Q15042037|statistical territorial entity
Q10968259|stipend
Q34315358|demon in a work of fiction
Q7889|video game
Q57659484|exhibition hall
Q131257|intellectual property
Q94920|Jewish holiday
Q602884|social phenomenon
Q317623|technical standard
Q2618461|legislative election
Q3775643|comburent
Q47848|sacred architecture
Q844569|identity
Q697196|ocean liner
Q19829125|absence
Q871419|district of Austria
Q2393196|personality trait
Q1428923|profinite group
Q1076099|school library
Q712378|organ
Q2755101|General anaesthetic
Q1048835|political territorial entity
Q1327300|electronic journal
Q16547029|single-sex school
Q37147|atomic nucleus
Q11446|ship
Q188593|cepheid variable
Q7874246|Coxeter group
Q19832479|vessel class
Q2085381|publisher
Q11410|game
Q16722960|phenomenon
Q1424047|offense against personal freedom
Q6752310|manual communication
Q210932|airliner
Q182832|concert
Q6592|trans-Neptunian object
Q19832712|historical administrative division
Q1283519|field experiment
Q14524493|terrain
Q2074737|municipality of Spain
Q7257|ideology
Q15275719|recurring event
Q28920044|positive integer
Q1632297|protected name
Q517386|live action
Q11197|logarithm
Q953806|bus stop
Q42262353|Y-DNA haplogroup
Q2199|dwarf planet
Q318|galaxy
Q1543677|Web conferencing
Q35509|cave
Q60442637|rapid transit train service
Q23729754|scientific name, published under a Code of nomenclature
Q1755242|nilpotent group
Q149621|district
Q3176558|positive real number
Q968159|art movement
Q160742|abbey
Q2366457|department
Q50556809|church element
Q55915575|scholarly work
Q179076|exchange
Q13417200|carbonated beverage
Q905511|secondary source
Q6498903|supervillain
Q2145290|mental representation
Q14897293|fictional entity
Q105210|universal law
Q16338046|fictional river
Q717478|administrative territorial entity of the United Kingdom
Q895526|organ
Q10827272|ayuntamiento
Q30249972|object of the inner Solar System
Q15831440|political studies
Q210980|virtual community
Q5500964|freely redistributable software
Q2493|data compression
Q3243461|collector
Q12321|palindrome
Q2143825|hiking trail
Q16029504|vertical structural element
Q4830453|business
Q1307329|extraterrestrials in fiction
Q4204491|administrative territorial entity of the Soviet Union
Q1146001|light source
Q2311958|canton
Q44167|engine
Q7512598|sign system
Q2692116|quake
Q11796413|decoration
Q2267856|personal testimonial
Q190438|dwarf galaxy
Q2647467|non-alcoholic beverage
Q8142|currency
Q22645|smartphone
Q89522629|poetic form
Q17125668|self-proclaimed
Q24335044|Norse mythical entity
Q391009|Catholic religious order
Q81672|murder attempt
Q235557|file format
Q25510|Accipitridae
Q71377943|sulfur molecular entity
Q206592|aircraft with jet engines
Q7257461|Public License
Q6256|country
Q1985622|defense
Q20978643|point of view
Q2217301|serial
Q232932|open access
Q142714|card game
Q11755959|multi-storey urban building
Q1788992|criminal organization
Q5382940|epigroup
Q20014246|public law corporation
Q8059357|youth wing
Q1047113|specialty
Q37901|strait
Q21190845|fictional duo
Q1196054|administrative territorial entity of Ethiopia
Q191928|polysemy
Q44637051|international competition
Q4162386|operating system distribution
Q184872|recreation
Q3055454|deployment environment
Q3327899|municipality of Ontario
Q2200141|organofluorine
Q2656967|nuclear explosion
Q346146|facility
Q732717|law enforcement agency
Q1184244|delict
Q47272186|headquarters
Q25535646|hero
Q3622126|conceptual system
Q22811462|type of manufactured good
Q10843872|engineering process
Q86860|Bible translation
Q23005232|dance school
Q79602|cyclone
Q3778211|legal person
Q1914636|activity
Q3041498|eye disease
Q273120|protest
Q55155149|specification edition
Q6664682|locally finite group
Q9143|programming language
Q3507889|administrative territorial entity of the Czech Republic
Q170156|confederation
Q8253|fiction
Q131656|pesticide
Q1620824|nuclear accident
Q15053549|gravitationally bound system
Q3059255|Greek sea god
Q28555911|ordinary matter
Q20575671|Q20575671
Q988108|club
Q2352616|catalogue
Q205985|goddess
Q21945604|national youth football team
Q55523831|monocation
Q3249551|process
Q167772|digital container format
Q7096323|open-access repository
Q61476|fatty acid
Q55386700|Roman Catholic shrine
Q24398318|religious building
Q2824645|administrative territorial entity of Italy
Q1155083|granular material
Q618779|award
Q15921555|flight
Q855769|strain
Q7390|human voice
Q7743|home
Q3244175|tabletop game
Q24596|God Is Not Great
Q57660343|performing arts building
Q315|language
Q3533467|group action
Q1077784|programming tool
Q2761147|meeting
Q210272|cultural heritage
Q844911|superior planet
Q3366856|composite particle
Q2235308|ship type
Q19953632|former administrative territorial entity
Q4120621|rank
Q14502790|settlement of Hungary
Q2622299|software engine
Q1040689|synonym (taxonomy)
Q1445650|holiday
Q223642|interpersonal relationship
Q838948|work of art
Q3947|house
Q16735822|history museum
Q937228|property
Q2239243|mythical creature
Q82794|geographic region
Q1322786|exterior
Q23804016|game rules
Q9135|operating system
Q205892|calendar date
Q192498|administrative territorial entity of France
Q19576|wilayah
Q1664720|institute
Q50430121|pharmaceutic aid
Q2199864|duration
Q76611|nonviolence
Q17343829|unincorporated community
Q107390|federated state
Q576759|Public Ivy
Q6942541|musical collective
Q123737|Emmy Award
Q5588651|governing body
Q2120578|zero-emissions vehicle
Q4006|geographic map
Q11424100|status
Q56808349|language status
Q7868|cell
Q18603731|dissolution
Q15416|television program
Q84823091|region of Ukraine
Q5916|spaceflight
Q17537576|creative work
Q5153359|municipality of the Czech Republic
Q34763|peninsula
Q64953083|car-free place
Q134830|prefix
Q3477348|urban sector
Q431289|brand
Q16884952|country house
Q2742167|religious community
Q23013246|copy
Q796194|medical procedure
Q74562064|aromatic amide
Q1344|opera
Q55214844|type of medical procedure
Q494823|data format
Q20919931|software component
Q337820|graphics library
Q48834899|special administrative region
Q20719696|physico-geographical object
Q66089252|pharmaceutical preparation
Q28111|township in the United States
Q15078788|broadcasting
Q2879|province or territory of Canada
Q1307214|form of government
Q15711870|animated character
Q41710|ethnic group
Q1424016|cableway
Q61748301|friendly tournament
Q47657|blood type
Q399495|standard language
Q16686448|artificial entity
Q18691599|military facility
Q3183364|administrative territorial entity of Spain
Q15619164|abstract being
Q856584|library building
Q1049394|phonetic writing system
Q15548076|computer-aided design software
Q497173|oxoacid
Q370502|mapping
Q40890790|absorbed or reflected object light
Q38348|phylum
Q1642895|lineage
Q122653|numeral system
Q85249348|territorial change
Q3559|comet
Q483677|pseudoscience
Q269528|unincorporated area
Q5043|Christianity
Q24649023|online store
Q350945|heraldic animal
Q64225319|bird
Q4220917|film award
Q14864997|investment management
Q1132455|hazard
Q15644911|administrative territorial entity of the Roman Empire
Q263478|note
Q30277550|historiography
Q515483|baladiyah
Q60026969|unit of concentration
Q19798644|Wikibase data model element
Q15142894|weapon model
Q6671777|structure
Q15401930|product
Q3754509|Q3754509
Q217199|soundtrack
Q72695611|chlorine compound
Q19842652|monotheistic religion
Q1088986|Q1088986
Q1150958|play
Q1790577|planned language
Q427492|enzyme inhibitor
Q28114058|game franchise
Q42372|nebula
Q16829513|intermediate product
Q15720793|fictional building
Q2183520|obec
Q131841|idea
Q5389993|philosophical theory
Q3329375|language variety
Q3702971|personal data
Q3391202|Q3391202
Q30092755|surface water body
Q1020767|product bundling
Q985394|editor
Q1211529|overseas territory
Q421948|organic acid
Q1048295|Cassegrain mirror system
Q17538690|group of manifestations
Q15198957|aspect of music
Q2401749|telecommunication company
Q281643|trio
Q27825487|animate object
Q2334719|legal case
Q1977474|Al-Ghaib
Q10822464|angel in Christianity
Q1744559|classification in sports
Q681615|syndicate
Q602446|lyrics
Q353834|pulsating variable star
Q685884|vocal music
Q50349184|immunologic factor
Q3330995|administrative territorial entity of Nigeria
Q1128637|national symbol
Q1235234|document repository
Q245065|intergovernmental organization
Q978297|binary system
Q2325323|state symbol
Q980357|grammatical category
Q29553|sanctuary
Q21199|natural number
Q23901123|national under-17 association football team
Q290|sex
Q747883|physical activity
Q15285626|organization established by the United Nations
Q27030921|political archive
Q1931185|astronomical radio source
Q13414953|religious denomination
Q1196038|groupoid
Q20901727|alkynols
Q1318558|operation point
Q2784655|low-level clouds
Q17350442|venue
Q2138556|regional newspaper
Q2424752|product
Q26697606|cyclooxygenase inhibitor
Q337567|still waters
Q11578774|broadcasting program
Q1019982|subdivision of Rome
Q2115448|intra-city territory of a federal city
Q7631065|Subdivisions of Mozambique
Q50085590|Federal law
Q1792379|art genre
Q24229398|agent
Q169872|symptom
Q2635077|sources of international law
Q1464125|webisode
Q1076579|act of parliament
Q23807345|competition
Q200209|cities of Ukraine
Q12132|calendar
Q15916867|administrative territorial entity of a single country
Q2659904|government organization
Q15089865|cable railway
Q144|dog
Q29142|attempt
Q8473|military
Q2438179|civil aircraft
Q4504495|award ceremony
Q46970|airline
Q163740|nonprofit organization
Q149010|trilogy
Q141683|broadcast network
Q8261440|canal for transporting water
Q3695082|sign
Q78908682|security risk
Q206021|flight
Q655686|commercial building
Q1456832|offense
Q47168|county of the United States
Q64222248|catalog of works
Q3030248|discussion
Q482994|album
Q1762059|film production company
Q37113960|estimate
Q6664400|local government in New Jersey
Q15989253|part of
Q1291195|find spot
Q1763527|constituent state
Q2315359|historical language
Q63203971|religious hymn
Q15091377|cycling race
Q3504248|inner planet
Q68773434|center
Q1079693|national emblem
Q19860854|former building or structure
Q34486|helicopter
Q2752458|administrative type
Q32815|mosque
Q27267085|fictional lion
Q151885|concept
Q5064153|ceremonial dress
Q45971958|performing arts genre
Q546113|public policy
Q43229|organization
Q1151067|rule
Q24354|theatre
Q1076882|battery electric vehicle
Q1194951|national sports team
Q380230|administrative territorial entity of Portugal
Q131269|sonata
Q15711026|altarpiece
Q60754876|grade of an order
Q11204|legislature
Q3578576|river ecosystem
Q161243|dependent territory
Q2064521|constituency in the United Kingdom
Q26832826|constituency of France
Q149377|military operation plan
Q1197685|public holiday
Q744296|wooden church
Q39811647|translation
Q3199915|massacre
Q207977|prototype
Q1007122|G
Q7217761|manned spacecraft
Q852446|administrative territorial entity of the United States
Q177626|human migration
Q2904042|bioconstruction
Q52177058|civic building
Q6918890|Moufang loop
Q3346693|Greek nymph
Q3563237|economic unit
Q7631075|administrative territorial entity of Switzerland
Q1790144|unit of time
Q30307315|mythological canine
Q1194970|dot-com company
Q28855038|supernatural being
Q23005223|division of an educational institution
Q978|meme
Q8425|society
Q5999593|General fraternity
Q650241|financial institution
Q4202290|railway incident
Q226730|silent film
Q2577883|occupied territory
Q2550974|Wasserfrau
Q1049540|administrative territorial entity of Northern Ireland
Q15634554|state with limited recognition
Q409205|xenobiotic
Q180516|room
Q22065637|administrative subdivision of Puerto Rico
Q50430472|steroid synthesis inhibitor
Q2031291|release
Q70208|municipality of Switzerland
Q10862338|scientific knowledge
Q19799234|local government
Q781132|military branch
Q48748864|Q48748864
Q1129645|trade bloc
Q13417114|noble family
Q83267|crime
Q699405|residence
Q11072804|musical ensemble consisting solely of instruments
Q15836568|computer network protocol
Q2041172|measuring instrument
Q4286337|city district
Q747074|comune of Italy
Q31184|sibling
Q159334|secondary school
Q16023913|professional certification
Q7328910|art collection
Q42622779|timepiece
Q788176|autonomous administrative territorial entity
Q1097273|epic literature
Q2159907|criminal
Q29428403|pentad
Q30061600|undead in a work of fiction
Q1364324|uyezd
Q11348|function
Q28653690|depository library
Q9492|probability
Q166142|application
Q3397572|metal bridge
Q1752346|assembly
Q1387659|school of thought
Q158438|arch bridge
Q217594|class (set theory)
Q12597599|aromatic carboxylic acid
Q2097994|municipal corporation
Q87167|manuscript
Q750215|mass murder
Q941501|language group
Q6807904|meeting house
Q732374|pyramidal number
Q12819564|station
Q4066270|Anilide
Q2983893|quarter
Q28020127|fictional humanoid
Q21040055|aspect
Q141488|graph
Q12348793|auxiliary language
Q355567|noble title
Q4140840|Lost artwork
Q35798|executive branch
Q18534542|restaurant chain
Q34548322|national association football competition
Q679692|biopharmaceutical
Q16917685|mobile computer
Q5398426|television series
Q21142755|recognition
Q7632070|substance use disorder
Q80831|integrated circuit
Q27301864|fictional bovid
Q813912|condition
Q34651|Christian Church
Q10856962|anthroponym
Q1365122|administrative territorial entity of Chile
Q200334|bell tower
Q28498244|conversion
Q23790|natural monument
Q15195406|city district in Russia
Q18534278|facial feature
Q24296329|mythological horse
Q1791627|cultural artifact
Q1631107|bibliography
Q1348645|learning material
Q5123997|city of federal subject significance of Russia
Q1584134|mound
Q843555|administrative territorial entity of the United Arab Emirates
Q15092400|independent city
Q25403900|food ingredient
Q4502142|visual artwork
Q21070568|human who may be fictional
Q33295419|Hogwarts student
Q214070|physical law
Q50413986|specialty use of chemicals
Q40231|election
Q27043948|material anatomical entity
Q17158079|terminal railway station
Q5633421|scientific journal
Q72053253|unconfirmed astronomical object
Q1414472|international human rights instrument
Q2642350|Jewish literature
Q25268|Afro-Asiatic languages
Q194195|amusement park
Q309314|quantity
Q42240|research
Q1323642|transcontinental country
Q39614|cemetery
Q18608583|recurring sporting event
Q851990|population group
Q5369651|historical source
Q732722|vortex
Q166118|archive
Q38259376|4-dimensional figure
Q147538|soft drink
Q1194368|capital ship
Q3957|town
Q11691318|Kulturdenkmal
Q7887142|unit of analysis
Q2101494|municipality in Switzerland
Q11042|culture
Q4204060|Islamic state
Q17232649|news website
Q3327873|local municipality of Quebec
Q2525994|villa urbana
Q255388|unit fraction
Q4189293|rank
Q81639|exonym
Q17573152|believer
Q6243|variable star
Q1068715|telecommunications network
Q1027098|fusor
Q165115|Equidae
Q811909|technological component
Q46135307|nation at sport competition
Q1198413|military camp
Q25412770|urban entity in Chile
Q18325841|public transport network
Q322563|vocational school
Q1394476|civil township
Q30224316|natural history collection
Q19478619|metaclass
Q16889133|class
Q31479975|communication system
Q681263|open standard
Q4116218|conversion of scripts
Q196294|free license
Q267228|sound generator
Q4120211|regional organization
Q8065|natural disaster
Q475050|federal district
Q12786121|warfare
Q892901|reward program
Q105731|lock
Q15562063|audio software
Q18127|record label
Q184767|Q184767
Q12594804|late effect
Q623109|sports league
Q1637706|city with millions of inhabitants
Q66502806|organ component gland
Q38033430|class of award
Q35116038|shoreline indentation
Q15911738|hydroelectric power station
Q2936105|summit level canal
Q359674|alternative school
Q6544379|lieutenancy area
Q902296|phytopharmaceuticals
Q50081413|Wikipedia article page
Q101352|family name
Q3306242|Pacific hurricane
Q5156940|oxygen compound
Q697295|shrine
Q28923954|languoid class
Q32635|domain name
Q42586063|encoder
Q63099748|hotel building
Q34442|road
Q14752696|Roman building
Q1753848|music workstation
Q21550582|entertainment event
Q62122079|organ component
Q336|science
Q6949149|mythic humanoid
Q2001982|notation
Q21550989|signal tower
Q48612|synthetic language
Q63046488|mythical ethnic group
Q7882311|unary function
Q1496857|prayer book
Q262166|municipality of Germany
Q63188683|Christian religious occupation
Q1172540|data stream
Q24992028|musical series
Q104157|city of the Philippines
Q1454986|physical system
Q24249534|specialised classification scheme
Q1656682|event
Q2088357|musical ensemble
Q309|history
Q2135465|legal concept
Q2974105|digital circuit
Q1046088|hall of fame
Q2762194|local government in Israel
Q17310396|administrative territorial entity of the Russian Empire
Q12044624|periodic process
Q212805|digital library
Q6428674|era
Q7930989|city/town
Q3150005|legal instrument
Q83620|thoroughfare
Q930933|relation
Q244393|dwarf star
Q1940786|quasi-autonomous non-governmental organisation
Q70551253|cellular anatomical entity
Q61089180|part of municipality in Czechia
Q2063507|recreation area
Q107715|physical quantity
Q76419834|legal terminology
Q10756188|treasury
Q1787683|Kreishauptmannschaft
Q18810687|political institution
Q23015928|postgraduate degree
Q171|wiki
Q169336|mixture
Q904756|religious conversion
Q16710795|specialized higher education institution
Q3434769|macroregion
Q7550889|combat vehicle
Q408365|isocyanate
Q277759|book series
Q1051792|intelligence test
Q23764314|sports location
Q165|sea
Q11173|chemical compound
Q181394|nutrient
Q28886448|work with multiple executions
Q93288|contract
Q1115533|flammable object
Q23002042|private educational institution
Q2695280|technique
Q875255|non-standard positional numeral system
Q18247357|group of structures or buildings
Q63241860|streaming service
Q2245405|key event
Q4365210|flat figure
Q15911314|association
Q162633|academy
Q5422048|external risk
Q55292|administrative territorial entity of the German Democratic Republic
Q1792571|art prize
Q2488|spiral galaxy
Q192623|looting
Q2537|natural satellite
Q2006324|agreement
Q11364|hormone
Q10861296|zoocide
Q3824506|commercial treaty
Q344942|acyclic compound
Q1194058|disposable product
Q1250916|warrior
Q30324006|history of the city
Q190|God
Q3257916|animation software
Q2391834|development environment
Q58483088|choreographic work
Q187126|glycoprotein
Q635155|creator deity
Q955824|learned society
Q628179|trail
Q7278|political party
Q36496|ion
Q56708982|hydrogen compound
Q486972|human settlement
Q1155688|Thesaban
Q140686|chairperson
Q22865|independent city of Germany
Q71421787|hydroxides
Q89753576|assembly (the subject of article 11 ECHR)
Q1065579|costume accessory
Q1131329|grotto
Q193291|spirit
Q18643213|military equipment
Q63100492|Atlantic North, Eastern and Central Pacific Tropical Cyclones
Q4692|Renaissance
Q4164344|documentary
Q188860|software library
Q24869|feature film
Q12433046|Roman fortification
Q7623897|all-female band
Q1293536|administrative territorial entity of Serbia
Q1313923|kindred
Q18142|high-rise building
Q16979650|sibling group
Q6899005|monetary authority
Q13406463|Wikimedia list article
Q25276|isotope
Q628523|message
Q71266556|warfare and armed conflicts
Q856234|academic library
Q2679154|administrative territorial entity of Ivory Coast
Q17538722|performance work
Q2916333|flag day
Q173387|grave
Q791801|estimation process
Q184876|frame of reference
Q30139652|health care structure
Q3895768|fictional location
Q44476427|medical attribute
Q45762|dead language
Q875538|public university
Q3300024|natural building material
Q1459435|phrase
Q1053463|census geographic unit of Canada
Q2252077|shooting
Q21028957|Hochschule
Q42012695|measurand
Q200250|metropolis
Q79872|object-oriented programming
Q15633587|MediaWiki main-namespace page
Q6823473|meteorological disaster
Q327197|legal transaction
Q10528967|hydroxy acid
Q131708|plutocracy
Q1970725|natural region
Q3196|fire
Q30126005|hypothetical scientific object
Q5447188|solution
Q59544|intangible cultural heritage
Q408891|scientific law
Q62832|observatory
Q6549417|liminal being
Q5284036|Divided region
Q1200750|description
Q205961|skill
Q7321258|sea mark
Q774228|requirement
Q28737012|museum of culture
Q60790315|automorphism group
Q4936952|anatomical structure
Q18536132|coin object
Q5457310|flammable liquid
Q15221215|rugby league team
Q15138389|Wikimedia article page
Q178342|archangel
Q2836357|administrative territorial entity of Guatemala
Q3726309|public research institution
Q1211967|trait
Q10648343|duo
Q1244442|school building
Q3475123|navigation system
Q21014462|cell line
Q15298259|wizard in the Harry Potter universe
Q614112|number of entities
Q20708386|Notorious Markets
Q930164|conspiracy
Q481289|official residence
Q67008917|biological products
Q24060765|animal organ
Q922203|code of law
Q16675435|observance
Q17320256|physical process
Q12718609|statistical method
Q11253473|smart device
Q2722705|epicarp
Q532|village
Q15589476|population transfer
Q333936|nitrile
Q189567|food additive
Q1005416|federal agency
Q408386|inference
Q780909|dating method in archaeology
Q643815|metropolitan or non-metropolitan county of England
Q6156112|chronostratigraphic unit
Q16887380|group
Q56557118|use status
Q26907166|temporal entity
Q16391167|vessel
Q30017383|fictional organism
Q32528|monoterpene
Q2001305|television channel
Q55511397|monoatomic anion
Q5185279|poem
Q43702|federal state
Q11666901|nominal kinship
Q193599|supergiant
Q752870|motor vehicle
Q189533|academic degree
Q4070702|literary archetype
Q2182919|alphabetic writing system
Q25110971|distributed ledger
Q573|day
Q173235|analgesic
Q59244106|game publisher
Q35145743|human-made landform
Q15831598|fictional astronomical object
Q205140|infinite set
Q147276|proper noun
Q5961|X-ray binary
Q66736191|army unit
Q665487|diocese
Q1598075|noun class
Q1150070|change
Q12617225|religious literature
Q145273|polyamide
Q1520311|violent crime
Q164509|omnivore
Q185785|ammunition
Q10864048|first-level administrative country subdivision
Q4358176|council
Q2836947|animal feed
Q14757767|fourth-level administrative country subdivision
Q5773747|historic house
Q376799|transport infrastructure
Q2023214|political parties in Germany
Q35749|parliament
Q82955|politician
Q178712|state or territory of Australia
Q372436|statesperson
Q595871|star system
Q14514600|group of fictional characters
Q940|narcotic
Q264441|Bezirk
Q63100732|Northwest Pacific tropical cyclone
Q87252761|SI or accepted non-SI unit
Q107968|anion
Q1191085|orders of magnitude of numbers
Q190016|heparin
Q41614|constitutional monarchy
Q1665268|command
Q1052894|single-member district
Q20742825|cultural depiction
Q5961279|hypothetical planet
Q20724715|regional center of Germany
Q24862|short film
Q1250464|realm
Q25385534|hydrogen chalcogenide
Q22676603|federal system
Q837171|financial services
Q322948|subscription
Q44512|epidemic
Q393351|aggregator
Q36534|chemical reaction
Q50707|composite number
Q1510761|social change
Q15042137|administrative territorial entity of the Netherlands
Q15279749|tax noncompliance
Q175208|biotope
Q1233637|river mouth
Q2431196|audiovisual work
Q558941|administrative territorial entity of Yemen
Q50430248|Sensory System Agents
Q133156|colony
Q47089371|rugby union match
Q16467788|EU mission
Q243669|administrative territorial entity of Slovakia
Q60662171|hegemony
Q327333|government agency
Q180684|conflict
Q23010327|group of fictitious objects
Q29604895|superhuman quality
Q36161|set
Q2491498|pop group
Q15126956|administrative territorial entity of Nicaragua
Q1685451|student society
Q15709879|artwork series
Q358|heritage site
Q13406554|sports festival
Q2031836|Eastern Orthodox church
Q124734|rebellion
Q86622|governorate
Q55462971|fluvial landform
Q516751|polyketide
Q15265344|broadcaster
Q7075|library
Q533309|administrative territorial entity of Norway
Q103817|indigenous people
Q50705|square number
Q24668268|fictional mouse or rat
Q3238833|independent school
Q2207288|craft
Q15642541|human-geographic territorial entity
Q765994|group object
Q18669875|incident
Q11618417|LAU 2
Q14406742|comic book series
Q1697305|narrative motif
Q2908004|powder
Q12737077|occupation
Q192078|lenticular galaxy
Q2434238|heritage
Q240651|prime element
Q15980953|fiction series
Q23442|island
Q3511065|biological sequence
Q1207505|quality
Q1161161|M-type star
Q204886|federalism
Q6498784|mathematical expression
Q102205|fluid
Q15056995|aircraft model
Q523|star
Q846882|sources of law
Q1022867|minor planet
Q1792644|art style
Q17141406|positioning system
Q3435941|administrative territorial entity of Croatia
Q7243147|primary legislation
Q9138795|acetylene
Q855451|administrative territorial entity of Poland
Q28083137|football team
Q188460|natural resource
Q6418772|subdivision of the Byzantine Empire
Q1088552|Catholic church
Q15063111|administrative territorial entity of Burkina Faso
Q483110|stadium
Q18557436|disease of anatomical entity
Q43099500|performing arts production
Q47311934|Fleet
Q4897819|role
Q132821|murder
Q918346|election in the United Kingdom
Q14547231|international sporting event
Q52063183|classical state of matter
Q1875621|aircraft class
Q8502|mountain
Q49447|world view
Q49703|sacrament
Q215627|person
Q216353|title
Q46831|mountain range
Q1406|Microsoft Windows
Q16510064|sporting event
Q7933607|viral phenomenon
Q59163902|musical production
Q3788231|Municipal government in Canada
Q230855|physical state
Q55427767|Reproductive toxicant
Q3320743|title of honor
Q34038|waterfall
Q2977|cathedral
Q11158|acid
Q5175225|costumed character
Q5078274|sketch
Q45103187|scientific organisation
Q11424|film
Q15229207|sports award
Q101991|inflammation
Q36458|multicellular organism
Q2620513|maritime disaster
Q7174|democracy
Q15631850|districts and some cities of Germany
Q960648|point of interest
Q13698|puzzle
Q676|prose
Q17197366|type of organisation
Q20528428|federative entity of Mexico
Q24034552|mathematical concept
Q747691|Natural
Q375928|lower house
Q1183543|device
Q16917|hospital
Q1497375|ensemble
Q7128792|combat sport
Q427626|taxonomic rank
Q51845395|memorial column
Q44597158|health specialty
Q1673189|irregular military
Q13381310|local council
Q524648|language change
Q811979|architectural structure
Q241317|computing platform
Q2365748|administrative territorial entity of India
Q286583|manifestation
Q15708736|state authority
Q112099|island nation
Q13396669|province-level division
Q41719|hypothesis
Q14947863|parlour game
Q34394|belief
Q3918|university
Q1344963|world championship
Q949801|rotorcraft
Q570|loudspeaker
Q7366|song
Q4384751|folk culture
Q161598|groundwater
Q39816|valley
Q478798|image
Q30307328|mythological dog
Q267596|ancient Greek temple
Q200325|history of the world
Q1417728|trade name
Q19790488|monohydric alcohol
Q8063|rock
Q5214867|federal territory
Q15944511|association football team
Q2055880|passenger ship
Q7257916|public institution of the United States
Q1190554|occurrence
Q6008527|undergraduate degree
Q42948|wall
Q15623966|administrative territorial entity of Qatar
Q1136525|snow storm
Q911916|intensive or extensive property
Q422695|awareness day
Q1186952|interactive media
Q15383322|culture award
Q49614|nickname
Q186393|counterpoint
Q12909644|political ideology
Q583865|territorial collectivity of France
Q67016056|news magazine
Q11438|solid
Q189819|ritual
Q1875651|airborne observatory
Q179461|religious text
Q89181204|Catholic monastic order
Q3240715|crater
Q17489659|group of works
Q52551684|historical geographic location
Q132241|festival
Q1124198|affection
Q5438003|fatty acid amide
Q17990971|public enterprise
Q16513904|Norse mythical character
Q482810|special city
Q1416431|financial intermediary
Q114106|metasearch engine
Q18760388|retail building
Q4049983|cardinality
Q12140|medication
Q841628|social stratification
Q3455524|administrative region
Q47574|unit of measurement
Q740752|transport company
Q841418|strategic bombing
Q20639857|amateur sport team
Q2061186|religious order
Q1572121|image file format
Q3117863|isolated human group
Q191907|carotenoid
Q2342494|collectible
Q171558|accident
Q559618|fictional universe
Q1166625|mathematical problem
Q179700|statue
Q203323|administrative territorial entity of Ukraine
Q11771944|civil service
Q6881511|enterprise
Q634540|steep grade railway
Q3500606|musical structure
Q1528166|unmanned spacecraft
Q2910675|unfinished creative work
Q2015628|open space
Q121750|gas giant
Q16110|region of Italy
Q7784285|thin group
Q64418|artillery
Q2324993|state power
Q146491|criminal law
Q1935049|military school
Q15069452|Natura 2000 protected area
Q11271835|state capital
Q748019|scientific society
Q657449|parade
Q4431094|special collections
Q183905|descendant
Q51621|canonization
Q848944|merchant vessel
Q19310814|verse poetry
Q1639378|social system
Q30250610|object in the outer solar system
Q170483|sailing ship
Q22721|Regierungsbezirk
Q5549724|administrative territorial entity of Cuba
Q143210|religious experience
Q7311343|religious corporation
Q1267889|waterway
Q1849719|municipal formation in Russia
Q44405|theocracy
Q22652|green space
Q6073630|irregular warfare
Q95074|fictional character
Q23002037|public educational institution
Q8261|novel
Q5589178|regime
Q2593744|fictional creature
Q11396960|production company
Q12973014|sports team
Q5358404|electronic page
Q86746756|medicinal product
Q47457972|saturated silicon hydride
Q531152|declarative programming
Q3539920|three-masted ship
Q2623243|conceptual model
Q537127|road bridge
Q1211427|academia
Q4929239|data collection
Q5510053|fusillade
Q31235|remake
Q10737|suicide
Q1993723|administrative territorial entity of the Ottoman Empire
Q1172284|data set
Q246672|mathematical object
Q2465506|separation of concerns
Q7269|monarchy
Q87346013|carbohydrate binding proteins
Q2684591|statement
Q190065|inorganic compound
Q23498|archaeology
Q59157198|online resource
Q50379782|physiological effect of drugs
Q2736507|water feature
Q17270000|football club
Q27863646|mythical people
Q39546|tool
Q25296884|transborder entity
Q1443316|Christmas music
Q9748|concerto
Q17362350|planet of the Solar System
Q31629|type of sport
Q4235019|space object
Q1368|money
Q11032|newspaper
Q272404|finite set
Q1093954|nomen illegitimum
Q1251441|leader
Q5056668|lodging
Q20026787|chemical component
Q35221|reflecting telescope
Q11028|information
Q82821|tradition
Q23649976|content rating category
Q2001676|military offensive
Q2996394|biological process
Q2188189|musical work
Q3055380|intestinal disease
Q7603708|legislature of a constituent state
Q7777570|theatrical production
Q1251001|dose–response relationship
Q22808404|station located on surface
Q29017578|predator
Q285181|eparchy
Q11917457|administrative territorial entity of Catalonia
Q4818021|attack submarine
Q552345|insignia
Q279118|wooden house
Q209190|low pressure area
Q21857994|giant planet
Q18500527|airplane with 2 engines
Q3565868|rail transport
Q13539802|place with town rights and privileges
Q15411548|computing infrastructure
Q1640824|inscription
Q14946528|conflation
Q1478437|association football competition
Q53060|gate
Q2047938|adverse effect
Q13580678|multi-sport club
Q493522|municipality of Belgium
Q5127848|class
Q1145276|fictional country
Q9392635|carbonyl compound
Q11563|number
Q19730508|former municipality
Q7094076|online database
Q4989906|monument
Q8432|civilization
Q15239622|disputed territory
Q5875|giant star
Q1071|geography
Q12139612|list
Q4042967|sexuality
Q3042547|administrative territorial entity of Argentina
Q87324999|serine proteases
Q25696292|astronomy classification
Q1416636|non-banking financial company
Q462667|administrative territorial entity of Moscow
Q42855995|manufacturing company
Q14623646|fictional organization
Q188285|motet
Q7397|software
Q21752084|Roman archaeological site
Q24334685|mythical entity
Q19691007|institutional complex
Q48277|gender
Q23959932|fixed-order metaclass
Q1220959|building of public administration
Q3026787|saying
Q72697380|chlorobenzene
Q2465832|branch of science
Q6313217|time standard
Q12550685|arsenic compounds
Q194166|consortium
Q863404|subterranea
Q2418495|independent school
Q1318295|narrative
Q55935585|ITU-T recommendation
Q8465|civil war
Q187588|social class
Q8274|manga
Q294163|public institution
Q1414565|spaceplane
Q5618454|gun violence
Q22713629|girls school
Q1759988|linguistic norm
Q18670161|mascot
Q12277|arch
Q2979|liberty
Q220499|streaming media
Q7832337|traditional fishing boat
Q7748|law
Q417262|endopeptidases
Q2384959|Americans
Q126818|dimensionless quantity
Q193275|small Solar System body
Q1616075|television station
Q2726038|administrative territorial entity of Iran
Q162919|seal
Q57842052|substituted benzene
Q56611639|media industry
Q126955|level set
Q44539|temple
Q30503704|graph algorithm
Q3491904|urban rail transit
Q35456|essential medicine
Q11422|toy
Q80071|symbol
Q55818|impact crater
Q101998|biome
Q178885|deity
Q349|sport
Q107|space
Q28061975|group of Greek mythical characters
Q1057079|pregnancy category
Q3305213|painting
Q44554|law enforcement
Q38829|breed
Q1530022|religious organization
Q4539|cooperative
Q207348|semigroup
Q30921616|spin-off
Q28140340|women's association football team
Q210337|media player
Q7667912|T-group
Q24055548|Q24055548
Q11435|liquid
Q159810|economy
Q41791733|statistical territorial entity of Portugal
Q378427|literary award
Q156|alcohols
Q604886|charter city of the United States
Q1248784|airport
Q17299750|snooker tournament
Q1431026|horeca
Q27895381|maritime infrastructure
Q936614|almost prime
Q16237489|coniferous forest
Q44559|extrasolar planet
Q11862829|academic discipline
Q211302|glacial lake
Q1802963|mansion
Q1616547|polyglot
Q1780371|municipal company
Q7269307|meeting
Q780687|rights
Q1668023|Internet booking engine
Q123705|neighborhood
Q187661|carcinogen
Q269415|digital distribution
Q1763214|municipio
Q23905105|women's national association football team
Q1806767|departamento
Q3591564|établissement public de coopération intercommunale
Q1199682|system testing
Q4213|telescope
Q7315155|research center
Q11997597|representative
Q4990531|anesthetic
Q79007|street
Q35127|website
Q708676|charitable organization
Q161973|curve
Q28870066|ensemble of works of art
Q863908|Nucleic acid sequence
Q38723|higher education institution
Q385994|special library
Q12725|electricity
Q214609|base material
Q30061294|supernatural being in a work of fiction
Q46169|national park
Q21073024|flammable solid
Q1469824|controlled vocabulary
Q906512|shipwrecking
Q27304565|fictional Pantherinae
Q62662439|declaration
Q21994376|war of independence
Q1229765|watercraft
Q79529|chemical substance
Q193395|data storage
Q361733|administrative territorial entity of Austria
Q27020041|sports season
Q44791900|chloride
Q32178211|music organization
Q2380335|airstrike
Q35459920|three-dimensional object
Q17737|theory
Q54831|amphitheatre
Q58631461|bacterial vaccine
Q202866|animated film
Q5|human
Q1064242|polyatomic ion
Q28640|profession
Q178706|institution
Q91122|bunker
Q3074936|Local government in the Republic of Ireland
Q48909258|third-order administrative division
Q252550|trade agreement
Q192350|ministry
Q341409|onium ion
Q4393498|representation
Q3144351|scientific hypothesis
Q4392985|religious identity
Q15661340|ancient city
Q356936|exclusion zone
Q528166|client
Q149086|homicide
Q16738832|criminal case
Q9415|emotion
Q14632398|physical science
Q12503|integer
Q20639847|professional cycling team
Q7406919|service
Q50513|administrative territorial entity of Singapore
Q11436|aircraft
Q2514663|worship
Q209075|multiplayer game
Q11358|carbohydrate
Q21191019|Japanese TV series
Q1163915|Gun carriage
Q19364326|media studio facility
Q34669510|malleable material
Q83306|group
Q3241972|character
Q28108|political system
Q18563354|religious character
Q1527901|unmanned vehicle
Q1369650|professional sports
Q3489682|polar solvent
Q188889|code
Q878249|alliance
Q339678|distributed data store
Q3523867|material property
Q50053|binary star
Q987767|container
Q7674132|terrorism tactic
Q20936777|series of specified number of works
Q88595380|anthropomorphic canine
Q5193377|cultural institution
Q27912070|television program for children
Q1088|blue
Q56273712|source-available software
Q183039|form of state
Q739302|production
Q15773317|television character
Q2722260|attribute
Q1266031|angel in Islam
Q592312|disk image file
Q44782|port
Q864897|single-elimination tournament
Q327245|team
Q1370617|measurement scale
Q2516121|transport building or structure
Q3750285|administrative territorial entity of Canada
Q208237|monoid
Q234460|text
Q207714|transcription
Q103230|ethers
Q1076968|digital media
Q36993249|arrangement
Q233324|seminary
Q191067|article
Q33399405|fictional toy
Q473033|Old wives' tale
Q56190453|memorial complex
Q3412198|consortium of universities in France
Q580939|commercial vehicle
Q61766772|Q61766772
Q22667|railway
Q28955245|assertion method
Q3389680|census place
Q1378139|robotic spacecraft
Q3624078|sovereign state
Q249389|deep-sky object
Q21073029|disaster remains
Q35535|police
Q2472587|people
Q1436016|stellar population
Q51938570|entertainment software
Q15126920|administrative territorial entity of El Salvador
Q1364556|music award
Q423118|organic acid anhydride
Q13878858|natural process
Q737498|academic journal
Q476300|competition
Q4438121|sports organization
Q557770|Web API
Q3575260|bijou
Q488383|object
Q247073|powiat of Poland
Q1076486|sports venue
Q1850442|administrative territorial entity of Japan
Q18324095|administrative territorial entity of Palestine
Q166747|parliamentary system
Q184651|toxin
Q30327093|horizontal structural element
Q9081|knowledge
Q2043282|business administration
Q1969448|term
Q23808|interface
Q207822|packaging and labeling
Q48522|word-sense disambiguation
Q6018565|combustion engine
Q21871294|living organism class
Q41487|court
Q40056|computer program
Q163687|basilica
Q71966963|religion or world view
Q7554349|software publisher
Q6979593|national association football team
Q622416|motorboat
Q591041|scholarly publication
Q83197|antimatter
Q1143175|administrative territorial entity of Iceland
Q836950|derivative work
Q6949213|mythological king
Q500834|tournament
Q1951366|public utility
Q244339|administrative territorial entity of Georgia
Q41207|coin
Q12518|tower
Q1347367|capability
Q2062733|high-trajectory artillery gun
Q34548368|international association football competition
Q865588|committee
Q194188|spaceport
Q417175|kingdom
Q829548|over-the-top content
Q11797724|olefin
Q130901|binary relation
Q177777|logistics
Q64732777|biological phenomenon
Q39715|lighthouse
Q4946305|borough in the United States
Q39659371|retail environment
Q10374501|administrative territorial entity of Bulgaria
Q8027727|Wissenschaft
Q18327510|fictional robot
Q1244890|rational number
Q55488|railway station
Q8242|literature
Q11483816|annual event
Q685935|trade magazine
Q4771249|antenna array
Q26721034|bike shop
Q190249|central building
Q213924|codex
Q6955655|NUTS 1 statistical regions of England
Q1792623|arts educational institution
Q752673|asymmetric warfare
Q1081138|historic site
Q47521|stream
Q683738|administrative subdivision of Wales
Q38926|news
Q6023295|burial or funerary  structures
Q29048319|vehicle model series
Q3386703|extensive quantity
Q68|computer
Q3337309|mine warfare vessel
Q2385804|educational institution
Q213441|shop
Q12827256|myth
Q33506|museum
Q21156425|wrestling event
Q646728|administrative territorial entity of Finland
Q902814|border town
Q733553|channel
Q21743174|mobile software
Q3132741|substellar object
Q3022118|inverse semigroup
Q1266946|thesis
Q7515021|Silicon hydrides
Q5576009|God in Abrahamic religions
Q726870|brick and mortar company
Q1021290|music school
Q193622|order
Q333109|Überrest
Q811430|construction
Q629257|work accident
Q22808403|station located underground
Q15547961|multimedia software
Q7603913|state variable
Q1668024|service on internet
Q104843|cruiser
Q51041800|religious administrative entity
Q3884033|operation
Q29052255|flight phase
Q72775801|linguistic typology
Q39201|pet
Q1370598|place of worship
Q902085|homonym
Q910919|administrative territorial entity of Cape Verde
Q273057|discography
Q55659167|natural watercourse
Q10669499|naval officer
Q4886|cultivar
Q485258|federative unit of Brazil
Q1002697|periodical
Q121359|infrastructure
Q697379|administrative territorial entity of Romania
Q15773347|film character
Q2202509|Roman city
Q5146936|colleges within universities in the United Kingdom
Q22988604|mythological Greek character
Q27096213|geographic entity
Q13218357|city of California
Q29430681|triad
Q5159064|concrete bridge
Q15978299|municipality with town privileges in the Czech Republic
Q220659|archaeological artifact
Q2485448|sports governing body
Q912018|interferometer
Q23958946|individual
Q15832079|fictional bird
Q184348|elliptical galaxy
Q3079197|temperate forest
Q56256086|group of chemical compounds
Q736917|formation
Q66587127|oxidoreductase inhibitor
Q10675206|ingredient
Q2671652|medical test
Q518261|cultural area
Q1660150|steel construction
Q726|horse
Q30061312|fictional liminal being
Q11053|RNA
Q48324|morality
Q10836209|digital currency
Q121916|writing implement
Q31172650|moral quality
Q15620020|administrative territorial entity of Uruguay
Q2416047|list of communities in Alberta
Q47091889|hemisphere
Q23622|dictionary
Q387914|organohalogen compound
Q373916|nymph
Q2285130|signal language
Q134161|joint-stock company
Q1457376|eclipsing binary star
Q59348943|piperidine
Q1760309|pitch class
Q612229|municipality of Estonia
Q15621286|intellectual work
Q215380|musical group
Q1093829|city of the United States
Q29441572|heptad
Q2998465|exarchate
Q667509|municipality of Austria
Q1210425|internet hosting service
Q11266439|Wikimedia template
Q47461344|written work
Q1129743|filial church
Q44613|monastery
Q1066186|study of history
Q1900672|marketing tool
Q335918|popular initiative
Q15623253|administrative territorial entity of Malaysia
Q35273|optical telescope
Q1466064|processor
Q28920052|non-negative integer
Q61105129|association football venue
Q72185287|flavonoid superclass
Q6985603|neckwear
Q245596|cycle
Q1252971|food manufacturer
Q9174|religion
Q42915594|Scottish burgh
Q18587469|residential community
Q27277631|fictional mammal
Q10714182|pervasive game
Q3591586|public scientific, cultural or professional establishment
Q337968|idiom
Q42417296|infection associated with diseases
Q79782|motion
Q19307174|digital distribution platform
Q154954|natural person
Q106520|hydride
Q73112927|neurotransmitter agent
Q11755880|residential building
Q166774|protease inhibitor
Q6566301|urban area in Nordic countries
Q758871|audio format
Q43263|federal subject of Russia
Q1052804|exterior ornament of the shield
Q327000|court decision
Q41883552|combinatorial algorithm
Q645883|military operation
Q4936585|body of the European Union
Q613299|statement
Q729|animal
Q578779|pure substance
Q21029893|religious object
Q24339660|Norse religious concept
Q2248485|fictional mutant
Q7247798|product testing
Q753297|discovery
Q757163|woody plant
Q28843519|General anatomical term
Q7189713|physiological condition
Q466704|surface-to-air missile
Q17518870|group of literary works
Q161726|multinational corporation
Q12146012|underground building
Q163767|reaction inhibitor
Q16895642|philosophical school
Q16335899|watercraft type
Q828803|job title
Q104053|Q104053
Q187931|phrase
Q422649|biopolymer
Q4470686|Q4470686
Q27166344|substance
Q617332|setting
Q473972|protected area
Q321839|accord
Q189760|voting
Q21191134|comic strip series
Q58197759|hurricane
Q781815|Passion
Q61610698|SI unit
Q41298|magazine
Q31207|health care
Q740464|legal act
Q2466889|hydraulic structure
Q197|airplane
Q192581|job
Q1875615|air carrier
Q8513|database
Q167676|sensor
Q280783|popular assembly
Q1137594|coupé
Q1620908|historical region
Q387917|administrative territorial entity of Germany
Q3529455|lymphatic tissue
Q1065742|religious music
Q1030034|GLAM
Q55678|railway halt
Q300920|esports
Q127197|bomb
Q1569167|video game character
Q6852233|military building
Q16338|personal computer
Q19403027|purpose-designed aircraft
Q7275|state
Q1231592|electron acceptor
Q349084|district of England
Q1896989|subject of international law
Q7194062|flying machine
Q64698788|carbohydrate derivative
Q34548345|international association football clubs competition
Q14204246|Wikimedia project page
Q21281405|Wikidata internal entity
Q703534|employee
Q19967801|online service
Q12143|time zone
Q16560|palace
Q28877|goods
Q18205885|cause of cancer
Q14819852|birth
Q189970|social status
Q28845870|biological component
Q5292|encyclopedia
Q12802|nuclear weapon
Q14659|coat of arms
Q1547612|hydrohalide
Q16521|taxon
Q4632675|dwelling place
Q570116|tourist attraction
Q35145263|natural geographic object
Q26879763|Napoleonic client state
Q6901969|monospecific antibody
Q5961257|hypothetical astronomical object
Q15617994|designation for an administrative territorial entity
Q3149875|aviation incident
Q1823435|reflector
Q19549|chemical series
Q71938993|phosphorus oxoanion
Q47407603|artistic creation
Q5393774|NASCAR Cup race
Q634|planet
Q115940|seaplane
Q25372|drama
Q1539532|sports season of a sports club
Q728|weapon
Q2945123|center of mass
Q188248|constant
Q14075|free content
Q24334299|mythical animal
Q1532771|lucky symbol
Q1331793|media enterprise
Q181699|carbonate
Q11016|technology
Q406957|first-level NUTS of the European Union
Q12131650|location of burial
Q202444|given name
Q49773|social movement
Q483242|laboratory
Q1139274|copyleft license
Q2085518|format
Q81054|storm
Q17195514|political conference
Q22989102|Greek deity
Q202833|social media
Q17645478|bridge by material
Q585444|administrative district of Prague
Q57814795|domesticated mammal
Q175185|rural area
Q7832362|traditional story
Q4271324|mythical character
Q28607529|obsolete unit of measurement
Q75843001|benzodihydrofuran
Q862761|interior
Q628403|conservation
Q36784|region of France
Q23005231|performing arts school
Q13221722|third-level administrative country subdivision
Q4817637|atrocity crime
Q27031009|public archive
Q2700595|dyad
Q3247505|artificial language
Q50423863|copyrighted
Q868410|graphics software
Q14333920|halogenated hydrocarbon
Q23847174|religious concept
Q11822042|transport accident
Q729438|economic integration
Q5135573|clothing material
Q7188|government
Q27038993|food establishment
Q66507099|hormone
Q14921981|administrative territorial entity of Belarus
Q211364|principle
Q2668072|collection
Q16562419|political entity
Q7725310|series of creative works
Q15116915|show
Q1920219|social issue
Q36192|folklore
Q200538|party
Q50464|state or federal territory of Malaysia
Q1054813|municipality of Japan
Q10354598|rural settlement
Q1114461|comics character
Q19202067|global empire
Q50429917|central nervous system agent
Q853725|social relation
Q1056408|open format
Q7493941|shelter
Q3074541|flow of matter and energy
Q235113|angel
Q83478|group
Q27529879|non-Copyfree software license
Q17172633|written news media
Q14762300|single-tier municipality
Q8205328|artificial physical object
Q11399|rock music
Q5891|philosophy
Q67954132|pyrrole
Q17335294|flag or coat of arms
Q58928516|meteorological concept
Q11573|metre
Q207628|musical composition
Q3839081|disaster
Q936791|non-renewable resource
Q8187769|economic activity
Q847027|grande école
Q386724|work
Q3476533|monumental sculpture
Q650711|combat
Q10929058|model
Q691899|kraj
Q730038|credit institution
Q12323|dam
Q1916821|water deity
Q3976645|administrative territorial entity of Angola
Q1059564|cataclysmic variable star
Q16334298|group of living things
Q213918|administrative territorial entity of Bolivia
Q55523986|monoanion
Q1006876|borough in the United Kingdom
Q14192199|territory of Australia
Q9158768|storage
Q2574811|cause
Q189004|college
Q917284|climbing plant
Q11432|gas
Q3435924|computational problem
Q49297|Indigenous peoples of the United States
Q13473501|collective
Q3269344|oxyanion
Q65929831|United States currency
Q88789639|artistic profession
Q3565782|navigational aid
Q146768|middleware
Q3257686|locality
Q5165081|content format
Q1633408|concelho
Q341|free software
Q860861|sculpture
Q11030|journalism
Q1555508|radio program
Q7451779|separate legal entity
Q588140|science museum
Q26904132|visual arts technique
Q1254874|television network
Q899523|object-based language
Q1983062|episode
Q515716|prefecture
Q2089936|consulting company
Q28575|county
Q173799|entertainment
Q50430193|pharmaceutical vehicle
Q1079023|championship
Q8386|drug
Q4167836|Wikimedia category
Q12135|mental disorder
Q335214|endangered language
Q2507626|water area
Q1931388|cause of death
Q21009831|fictional monkey
Q3863|asteroid
Q1168287|intervention
Q17339814|group or class of chemical substances
Q17524420|aspect of history
Q5341295|educational organization
Q46857|scientific method
Q7315175|research park
Q47457841|homocyclic compound
Q8436|family
Q7696092|telecommunications service provider
Q104493|risk
Q629206|computer language
Q20045456|political position
Q2018526|arts
Q186081|time interval
Q891723|public company
Q40218|spacecraft
Q11024|communication
Q1437361|form
Q2198855|cultural movement
Q4671277|academic institution
Q16873390|supraorganization
Q1849445|colleges and universities in the United States
Q7239|organism
Q992253|confraternity
Q214339|role
Q2865305|trading company
Q206361|concern
Q2716249|contact binary
Q836270|polygonal number
Q47146|user interface
Q10301427|moving image
Q26540|artificial satellite
Q13136|reference work
Q1130510|figurate number
Q134808|vaccine
Q350176|additive
Q461231|administrative territorial entity of Scotland
Q3733190|nuclear explosive
Q3914|school
Q4260475|medical facility
Q34770|language
Q15063160|administrative territorial entity of New Zealand
Q276453|monster
Q421916|diol
Q20747295|protein-coding gene
Q171318|kinship
Q55490|through station
Q7184903|abstract object
Q451967|intentional human action
Q3215290|artificial lake
Q3063847|emotional and behavioral disorders
Q66310308|show garden
Q1933595|hijacking
Q34687|Rosa
Q74835190|osmium compound
Q193181|observation
Q66392784|Segment of arterial tree organ
Q837766|local authority
Q11751655|polycarboxylic acid
Q4505975|digital comic
Q15126142|transport aircraft
Q839954|archaeological site
Q10872023|organizational structure of cities in the People’s Republic of China
Q2052886|parliamentary library
Q27096235|artificial geographic entity
Q1210334|railway bridge
Q166542|International Relations
Q854954|videotelephony
Q571|book
Q4218455|qualification (degree)
Q522972|source code editor
Q190429|depression
Q17147642|autonomous community
Q104837|phase
Q15663836|local administrative unit in Thailand
Q847017|sports club
Q1259759|miniseries
Q17538258|recreative work
Q12370|salt
Q65045986|bicameral alphabet
Q1307276|single-family detached home
Q21589788|Kuiper belt object
Q14469439|centered polyhedral number
Q1318941|stage race
Q2638480|church congregation
Q49848|document
Q58778|system
Q21514702|abandoned project
Q12048218|natural resource wealth
Q476028|association football club
Q3831847|liturgical book
Q49394|weapon of mass destruction
Q3331189|version, edition, or translation
Q1138671|Catholic school
Q20639856|Professional Sports Team
Q1123840|symbols of Europe
Q1438040|research library
Q5107|continent
Q18674739|event venue
Q192355|primary raw material
Q13226383|facility
Q4494320|administrative territorial entity of Australia
Q29025902|volcanic landform
Q15720625|fictional dog
Q7643449|superhuman
Q30059|arrondissement
Q1826691|line construction
Q198|war
Q12410555|shooting attack
Q368442|compact star
Q3327870|municipal corporation in the United States
Q44946|point
Q1643563|prescription drug
Q483394|genre
Q1673271|regime change
Q36524|authority control
Q2826767|disease causative agent
Q1799794|administrative territorial entity of a specific level
Q50365914|biological region
Q336170|Q336170
Q3958441|economic sector
Q2974842|lost city
Q678146|bombardment
Q5390013|belief system
Q4563817|segmental writing system
Q3497167|gravity dam
Q29045252|city of South Korea
Q1428334|paradigm
Q902104|private university
Q13890|double star
Q18285135|administrative territorial entity of the Russian Soviet Federative Socialist Republic
Q179057|explosion
Q138840|Common Germanic deities
Q415812|polyol
Q424689|gene product
Q1245089|promontory
Q756|plant
Q61002|pseudonym
Q28367692|cavity
Q15961987|television genre
Q28732711|physical substance
Q127843|pen name
Q10389811|entry
Q1549591|big city
Q192611|constituency
Q1198376|cohomology
Q81944|cutlery
Q174873|cantata
Q337060|perceptible object
Q595523|notion
Q19842015|web-safe color
Q747980|polytope
Q1292119|style
Q1497364|building complex
Q1391145|professional society
Q1900326|network
Q639907|medical finding
Q14645593|rugby union team
Q81103|cannon
Q838185|community, region or language area of Belgium
Q176799|military unit
Q911138|thickener
Q4392123|Fσ set
Q11105360|medium of exchange
Q223557|physical object
Q72192270|N-substituted primary carboxamide
Q4026292|action
Q11784425|physical model
Q42744322|urban municipality of Germany
Q272851|Roman naming conventions
Q20852192|season
Q21522864|class or metaclass of Wikidata ontology
Q170744|ketone
Q188193|organ system
Q702492|urban area
Q6138528|political coalition
Q52948|interaction
Q20871196|fictional vehicle
Q20826013|software version
Q223393|literary genre
Q5282923|distant minor planet
Q28807560|clinical finding
Q15623926|Wikimedia set index article
Q103537|antigen
Q28797|applied science
Q2174956|non-working day
Q7978067|weapon testing
Q1799072|method
Q132364|communications protocol
Q66502406|property record
Q2398990|technology museum
Q21083858|finitely generated group
Q62447|aerodrome
Q294440|public space
Q867738|Christian school
Q7187|gene
Q11398090|creation
Q69197847|coherent SI unit
Q1738991|index number
Q15621887|administrative territorial entity of the Kingdom of Saxony
Q133311|tribe
Q863944|land waters
Q1640628|network service
Q168983|conflagration
Q179630|syndrome
Q1756942|partial function
Q386426|natural heritage
Q17004698|astronomical interferometer
Q1055465|girder bridge
Q3254959|race
Q270791|state-owned enterprise
Q5119|capital
Q55511472|polyatomic cation
Q3685430|municipality of Armenia
Q1751850|optical instrument
Q1787111|biographical dictionary
Q21191270|television series episode
Q12132640|scientific terminology
Q3304561|marine ecosystem
Q33384|dialect
Q71573538|oxacycle
Q18335|radiation
Q3505845|state
Q6502154|exploration
Q16970|church building
Q827335|abstract data type
Q205895|landmass
Q127244|Gδ set
Q746549|dish
Q1363241|plant variety
Q1329540|measuring standard
Q1790360|colonial empire
Q3348164|Catholic liturgical object
Q484652|international organization
Q4430243|social organization
Q5389|Olympic Games
Q16911759|trainset
Q1075|color
Q1788716|military decoration
Q321703|premise
Q4022|river
Q12548019|calcium compounds
Q184644|conservatory
Q14346334|web television
Q3658341|literary character
Q362482|operation
Q29485|error
Q15640612|fifth-level administrative country subdivision
Q874405|social group
Q18593264|item of collection or exhibition
Q56376142|sports federation
Q66736694|workroom
Q56019|military rank
Q65770134|Q65770134
Q21146257|type
Q44|beer
Q282250|qualia
Q1003030|test
Q59199015|group of stereoisomers
Q1278452|polyptych
Q56876011|private corporation
Q27921916|anthropomorphic character
Q133442|city-state
Q732577|publication
Q64728694|proposed entity
Q66737643|size-specific military unit
Q3706669|psychoactive drug
Q294414|public office
Q178790|trade union
Q1391125|specialized database
Q470540|seat
Q1781513|position
Q62602544|eating and lodging
Q133346|border
Q6501447|local government
Q27554677|former capital
Q567521|commercial company
Q914262|administrative territorial entity of Sweden
Q17376908|languoid
Q9779|alphabet
Q182545|stylistic device
Q179289|causality
Q676202|system software
Q177634|community
Q2547976|Atlantic hurricane
Q1130645|open-source software
Q135010|war crime
Q12136|disease
Q16334295|group of humans
Q12767945|language device
Q15284|municipality
Q23058816|TED talk
Q271669|landform
Q41156|administrative territorial entity of South Korea
Q17379835|Wikimedia page outside the main knowledge tree
Q11417|martial arts
Q66817758|national tennis team
Q13418847|historical event
Q734698|collectible card game
Q20162172|human language
Q473932|roll-on/roll-off ship
Q14916058|State territory
Q50808536|national handball team
Q10855061|archaeological find
Q1377182|liberal arts college
Q6942562|musical performance
Q15135589|Pilgrimage site
Q6664406|local government in Pennsylvania
Q65553774|chain
Q2031007|two-sided market
Q74817647|aspect in a geographic region
Q171634|administrative territorial entity of England
Q20857129|university system
Q131647|medal
Q12280|bridge
Q105420|anthology
Q155076|juridical person
Q158218|truss bridge
Q23069713|pass
Q655697|siege engine
Q4164871|position
Q2676325|source coding
Q6156156|geochronological unit
Q483247|phenomenon
Q6999|astronomical object
Q50379880|noxae
Q3707571|giant
Q23712|Bien de Interés Cultural
Q210420|corticosteroid
Q5276122|digital newspaper
Q24434794|king in Greek mythology
Q502261|silence
Q679643|transport phenomena
Q2223653|terrorist attack
Q72801119|tertiary amine
Q47217|civil disobedience
Q9268|Judaism
Q184358|reef
Q3450|main sequence
Q1646605|member state
Q918036|race
Q1151405|client state
Q3769299|human behaviour
Q61961344|group of physical objects
Q11618279|LAU 1
Q17334923|location
Q2057971|health problem
Q86923152|risk source
Q41176|building
Q38072107|fiction literature
Q79913|non-governmental organization
Q835153|physical examination
Q1407225|television award
Q17149090|armed organization
Q6857882|military taxonomy
Q5264406|designation
Q15632617|fictional human
Q6024226|metropolitan municipality
Q61788060|human activity
Q170658|creativity
Q13220204|second-level administrative country subdivision
Q15324|body of water
Q758870|digital audio editor
Q20830276|group of mythical characters
Q150784|canyon
Q1188782|county-equivalent
Q11707|restaurant
Q15229229|theatre award
Q6097|tea
Q646754|open letter
Q6423319|knowledge organization system
Q54875001|dioxane
Q7245071|principal area
Q16662561|suspected contagious disease
Q52162346|regional standard
Q202265|emission nebula
Q3950|villa
Q2627975|ceremony
Q13179187|geographic direction
Q326277|cation
Q12292478|estate
Q2180497|economic model
Q1063801|tertiary source
Q208500|principality
Q890545|arch dam
Q82799|name
Q18208034|indicator
Q42336871|crowdfunding platform
Q1762471|rhetorical device
Q10882966|exchange building
Q290691|villain
Q19934355|commutative monoid
Q39594|bay
Q350604|armed conflict
Q50231|administrative territorial entity of the People's Republic of China
Q24334893|mythical place
Q33215|constructed language
Q17442446|Wikimedia internal item
Q107425|landscape
Q15623264|administrative territorial entity of Belgium
Q2962925|fictional horse
Q25379|play
Q4728370|all-seater stadium
Q7725634|literary work
Q1276157|travel website
Q7225124|administrative territorial entity of Wisconsin
Q93184|drawing
Q15259995|recurring tournament
Q24856|film series
Q43460564|chemical entity
Q15642566|non-political administrative territorial entity
Q3488975|eutrophic lake
Q12812139|technical term
Q47913|intelligence agency
Q168845|star cluster
Q17912683|aerial bombing
Q939616|secret service
Q1474611|plot
Q2727213|theft
Q171809|county of England
Q579421|Soyuz
Q400144|planemo
Q7458208|reaction intermediate
Q1301371|computer network
Q1311670|rail infrastructure
Q1254933|astronomical observatory
Q63433687|fatty acyl
Q31855|research institute
Q294422|public building
Q2695008|administrative territorial entity of Luxembourg
Q618123|geographical object
Q207621|software license
Q149017|domestic rabbit
Q750458|capital market
Q1133961|commercial district
Q979507|Hindu deity
Q50843134|intellectual competition
Q24788543|Ribosome-inactivating protein
Q1826286|religious movement
Q15253706|like a city
Q820655|legislative act
Q106658|rural district of Germany
Q56061|administrative territorial entity
Q80006|computer programming
Q3943414|free software license
Q5151|month
Q1406161|artistic theme
Q8928|constellation
Q12047392|legal form
Q2551525|water reservoir
Q475023|exact science
Q2944660|lexical item
Q5919191|military intervention
Q108163|proposition
Q14506045|optical phenomenon
Q690175|angel in Judaism
Q7973762|water spirit
Q8719053|music venue
Q735|art
Q944806|operational risk
Q2442401|record company
Q5422256|extrasolar object
Q12042581|Olympic award
Q70990126|creative work season
Q4330518|research object
Q66194|cyclic compound
Q12036439|meteor
Q42470|motto
Q728937|railway line
Q8148|industry
Q3355750|monastic order
Q840676|fourth power
Q390516|control room
Q1971849|religious school
Q11455398|patronymic surname
Q190157|transmitter
Q33685|limited company
Q9788|letter
Q783794|company
Q148401|magician in fantasy
Q932586|filmmaking
Q1434313|river god
Q75712837|cresol
Q3714476|dot matrix
Q167270|trademark
Q6822327|metabelian group
Q2221906|geographic location
Q9261468|organizational subdivision
Q8031011|women's national team
Q621184|problem
Q1789452|criterion
Q629103|animal product
Q5418608|evolution
Q12479773|first-level administrative country subdivision in Indonesia
Q340169|communication medium
Q45033382|finite simple group
Q23015465|income class
Q51031626|sport competition at a multi-sport event
Q3266850|commune
Q25550691|seat of local government
Q66392|binary compound
Q5621421|private company
Q62079110|subsidiary entity
Q975783|estate in land
Q20076756|fantastique genre
Q1991663|dissent
Q62651817|program compilation
Q43109|referendum
Q101965|experiment
Q625994|convention
Q12405827|biblical character
Q57821|fortification
Q164950|dynasty
Q120544|vocal group
Q1078765|train wreck
Q109411|curse
Q161837|public service
Q14656|Unix-like
Q641226|arena
Q48204|voluntary association
Q1798622|governorate
Q312466|utility software
Q27301300|fictional carnivoran
Q1726215|process material
Q9647|gland
Q3413439|four-masted ship
Q2072431|passenger transport
Q30336093|biological system
Q1078001|territorial dispute
Q3117616|characteristically simple group
Q33294038|class of mythical entities
Q3312801|permit
Q10742|autonomous community of Spain
Q12376661|artificial body of water
Q50706|square-free integer
Q4372150|bounty
Q1172599|inlet
Q355304|watercourse
Q1456930|peacekeeping force
Q1297322|satellite
Q6027980|industrial region
Q482|poetry
Q1340449|review site
Q17125612|lossy data conversion
Q814610|emergency service
Q66592395|Cell component
Q12131624|city in Ukraine
Q1350310|administrative territorial entity of the Philippines
Q25999041|regional wind
Q7724161|television serial
Q1387388|mythical hybrid
Q174211|organic compound
Q134768|cocktail
Q751997|astronomical instrument
Q581714|animated series
Q20857065|United States federal agency
Q47682|administrative territorial entity of New York (state)
Q71550118|individual quantity
Q3590573|game of chance
Q3352369|footpath
Q3707858|type
Q12084012|province level division of the Republic of China
Q2332332|minor-planet group
Q1160920|unitary authority
Q391414|architectural element
Q9316670|prefecture of the People's Republic of China
Q160738|role-playing game
Q14296|top-level domain
Q108709|diminutive
Q13218690|town in Hungary
Q28872880|magic spell in Harry Potter
Q157963|savings bank
Q2259909|dry bulk cargo
Q20652655|amateur cycling team
Q131541|state or territory of India
Q48349|empire
Q66560214|biological macromolecule
Q55412936|design element
Q494721|city of Japan
Q203066|relation
Q1641122|online service provider
Q24354647|editing board
Q131569|treaty
Q754831|palindromic number
Q379825|element
Q18123741|infectious disease
Q7248094|professional school
Q2901852|compound of carbon
Q30017|high tide
Q2095|food
Q23397|lake
Q13629441|electric vehicle
Q214214|codification
Q8068|flood
Q24925|science fiction
Q781413|mental process
Q11773926|ecclesiastical title
Q60228812|agent processing personal data
Q1746392|small monument
Q1553482|specialized bank
Q18336849|item with given name property
Q22687|bank
Q42889|vehicle
Q208469|SI derived unit
Q1004|comics
Q11033|mass media
Q205464|algebraic structure
Q3024240|historical country
Q183366|territory
Q1107|anime
Q11086742|anime television program
Q159719|power station
Q209572|military service
Q221329|avionics
Q1293220|physical phenomenon
Q71574018|organooxygen compound
Q1621273|particle
Q134307|portrait
Q196600|media franchise
Q17512228|galaxy group or cluster
Q4801521|arts festival
Q39875001|measure
Q1496967|territorial entity
Q19386377|register
Q245016|military base
Q1427085|okrug
Q3922333|proceedings
Q527091|competence
Q79751|oligarchy
Q20092038|psychotropic drug
Q1047213|measurement tool
Q80793969|ranked list
Q179661|treatment
Q35120|something
Q29428439|hexad
Q15627509|military organization
Q18812548|campaign
Q5307737|drinking establishment
Q5135744|religious institute
Q20826827|lect
Q379755|arrangement
Q10374536|administrative territorial entity of Brazil
Q283202|harbor
Q29645886|ambassador to a country
Q28314507|recurring
Q2249149|electronic game
Q694969|jewellery chain
Q20983805|Q20983805
Q1075310|sailboat
Q2916486|administrative territorial entity of Turkey
Q15221256|city of Wisconsin
Q59674586|ice cover
Q19834818|aromatic compound
Q1322005|natural phenomenon
Q1358344|newscast
Q718570|circuit
Q225446|institute of consecrated life
Q76401672|statutory city
Q13405593|nature deity
Q21162272|means
Q30059018|operating system component
Q1263068|duplicate entry
Q170173|yacht
Q3270893|virtual business
Q170238|sitcom
Q29431432|dyad
Q1420|car
Q16831714|government building
Q20937557|series
Q755673|search algorithm
Q171308|oblast
Q24336466|mythical event
Q13415428|projection
Q3529618|academic title
Q23037160|proto-state
Q8458|human rights
Q34876|Landscape
Q39835986|sports website
Q27301420|fictional artiodactyla
Q15407649|edged and bladed weapon
Q12029|addiction
Q2065736|cultural property
Q105999|cargo ship
Q37866906|information resource
Q7834087|transformation language
Q7270|republic
Q770948|okres
Q29048322|vehicle model
Q375336|film studio
Q1208927|autonomous administrative territorial entity of China
Q3976655|administrative territorial entity of Denmark
Q375011|religious festival
Q49371|legislation
Q3193890|environmental disaster
Q1785271|cycling team
Q1520482|Weather god
Q188063|fiefdom
Q253326|cadastral municipality
Q1434505|administrative territorial entity of Indonesia
Q15893266|former entity
Q515|city
Q54115138|municipality of New Jersey
Q21070598|narrative entity
Q986008|payment system
Q1714118|online publication
Q1758354|plot
Q1306755|administrative centre
Q128207|terrestrial planet
Q3542731|fictional animal character
Q2824644|administrative territorial entity of Colombia
Q7210356|political organisation
Q15709880|serial
Q4976993|civil parish
Q620615|mobile app
Q9687|traffic collision
Q8192|writing system
Q1550557|manorialism
Q42104541|Q42104541
Q230788|grant
Q63434725|sterol lipids
Q15253558|activist
Q8072|volcano
Q15621274|enclave or exclave
Q64250307|continental competition
Q1343202|denial
Q18398645|types of towns and cities in Russia
Q15334|municipality of Poland
Q39485777|commutative Moufang loop
Q63922515|hyperlocal manufacturing
Q25297020|transborder structure
Q15711994|family of isomeric compounds
Q79719|license
Q15127012|town of the United States
Q844947|landing
Q12055729|Q12055729
Q17154431|mode of toxic action
Q638|music
Q161439|jewellery
Q27055630|Q27055630
Q3319996|flight test
Q177911|steroid
Q28813620|collection
Q27116296|local public entity
Q88569468|anthropomorphic rodent
Q10553309|legislative house
Q1307779|integrated municipality
Q489983|Reserve Officers' Training Corps
Q849275|civil time
Q6266|nation
